{"cameraMode":{"drawMode":0,"name":"Shaded","section":"Shading Mode"},"sceneLighting":false,"audioPlay":false,"sceneViewState":{"m_AlwaysRefresh":false,"showFog":true,"showSkybox":false,"showFlares":true,"showImageEffects":true,"showParticleSystems":true,"showVisualEffectGraphs":true,"m_FxEnabled":true},"in2DMode":false,"pivot":{"x":0.017834169790148736,"y":-0.008181141689419747,"z":-0.02292044647037983},"rotation":{"x":0.2979017496109009,"y":-0.6038366556167603,"z":0.26044484972953799,"w":0.6920272707939148},"size":54.92348098754883,"orthographic":true}